{
  "hyperparameter_optimization": {
    "best_params": {
      "num_leaves": 29,
      "learning_rate": 0.20404019629358555,
      "feature_fraction": 0.8561952960423553,
      "bagging_fraction": 0.5720726726905616,
      "bagging_freq": 2,
      "min_child_samples": 76,
      "min_child_weight": 0.0035886847287317086,
      "reg_alpha": 0.5202341181946939,
      "reg_lambda": 13.88036510635391,
      "max_depth": 20,
      "min_split_gain": 0.21192728595393157,
      "subsample": 0.709806640163335,
      "colsample_bytree": 0.9057268092838977,
      "force_col_wise": true,
      "force_row_wise": false,
      "max_bin": 206,
      "min_data_in_leaf": 48,
      "min_sum_hessian_in_leaf": 0.42594199711846076,
      "gpu_use_dp": false,
      "gpu_max_memory_usage": 0.7957844437491741
    },
    "best_score": 0.8427721088435375,
    "n_trials": 200
  },
  "advanced_lightgbm": {
    "model_type": "AdvancedLightGBM",
    "best_iteration": 22,
    "num_features": 50,
    "use_gpu": true,
    "training_time": 0.05288386344909668,
    "device": "GPU",
    "has_shap": false,
    "top_features": {
      "feature": {
        "49": "thal_7.0_plus_exang_1.0 cp_4.0_plus_slope_2.0",
        "43": "thal_3.0_plus_exang_0.0 ca_0.0_plus_slope_1.0",
        "41": "thal_3.0_plus_ca_0.0 exang_0.0_plus_slope_1.0",
        "3": "thal_7.0_minus_ca_0.0",
        "9": "thal_3.0_percentile_25 ca_0.0_plus_exang_0.0"
      },
      "importance": {
        "49": 11.336099624633789,
        "43": 11.011780261993408,
        "41": 8.639510154724121,
        "3": 7.584606021642685,
        "9": 4.379960060119629
      }
    }
  },
  "ensemble_methods": {
    "voting_soft": "<dict>",
    "voting_hard": "<dict>",
    "stacking": "<dict>",
    "weighted": "<dict>"
  },
  "evaluation": {
    "advanced_lightgbm": {
      "accuracy": 0.8387096774193549,
      "precision": 0.8461538461538461,
      "recall": 0.7857142857142857,
      "f1": 0.8148148148148148,
      "auc_roc": 0.8823529411764706,
      "auc_pr": 0.8080602753922081,
      "log_loss": 0.43851021050125316,
      "matthews_corrcoef": 0.6737530079397209,
      "cohen_kappa": 0.6723044397463003,
      "specificity": 0.8823529411764706,
      "sensitivity": 0.7857142857142857,
      "positive_predictive_value": 0.8461538461538461,
      "negative_predictive_value": 0.8333333333333334,
      "false_positive_rate": 0.11764705882352941,
      "false_negative_rate": 0.21428571428571427,
      "balanced_accuracy": 0.8340336134453781,
      "f2": 0.7971014492753622,
      "f0_5": 0.8333333333333333
    },
    "voting_soft": {
      "accuracy": 0.8064516129032258,
      "precision": 0.8333333333333334,
      "recall": 0.7142857142857143,
      "f1": 0.7692307692307692,
      "auc_roc": 0.9222689075630253,
      "auc_pr": 0.9225714890699364,
      "log_loss": 0.3629045962312059,
      "matthews_corrcoef": 0.6095824321285693,
      "cohen_kappa": 0.6042553191489362,
      "specificity": 0.8823529411764706,
      "sensitivity": 0.7142857142857143,
      "positive_predictive_value": 0.8333333333333334,
      "negative_predictive_value": 0.7894736842105263,
      "false_positive_rate": 0.11764705882352941,
      "false_negative_rate": 0.2857142857142857,
      "balanced_accuracy": 0.7983193277310925,
      "f2": 0.7352941176470589,
      "f0_5": 0.8064516129032258
    },
    "voting_hard": {
      "accuracy": 0.8064516129032258,
      "precision": 0.8333333333333334,
      "recall": 0.7142857142857143,
      "f1": 0.7692307692307692,
      "auc_roc": 0.7983193277310925,
      "auc_pr": 0.7242703533026114,
      "log_loss": 6.6849760504620805,
      "matthews_corrcoef": 0.6095824321285693,
      "cohen_kappa": 0.6042553191489362,
      "specificity": 0.8823529411764706,
      "sensitivity": 0.7142857142857143,
      "positive_predictive_value": 0.8333333333333334,
      "negative_predictive_value": 0.7894736842105263,
      "false_positive_rate": 0.11764705882352941,
      "false_negative_rate": 0.2857142857142857,
      "balanced_accuracy": 0.7983193277310925,
      "f2": 0.7352941176470589,
      "f0_5": 0.8064516129032258
    },
    "stacking": {
      "accuracy": 0.8387096774193549,
      "precision": 0.8461538461538461,
      "recall": 0.7857142857142857,
      "f1": 0.8148148148148148,
      "auc_roc": 0.930672268907563,
      "auc_pr": 0.9276964236591565,
      "log_loss": 0.3649097300309062,
      "matthews_corrcoef": 0.6737530079397209,
      "cohen_kappa": 0.6723044397463003,
      "specificity": 0.8823529411764706,
      "sensitivity": 0.7857142857142857,
      "positive_predictive_value": 0.8461538461538461,
      "negative_predictive_value": 0.8333333333333334,
      "false_positive_rate": 0.11764705882352941,
      "false_negative_rate": 0.21428571428571427,
      "balanced_accuracy": 0.8340336134453781,
      "f2": 0.7971014492753622,
      "f0_5": 0.8333333333333333
    },
    "weighted": {
      "accuracy": 0.7741935483870968,
      "precision": 0.7692307692307693,
      "recall": 0.7142857142857143,
      "f1": 0.7407407407407408,
      "auc_roc": 0.930672268907563,
      "auc_pr": 0.9267122758194186,
      "log_loss": 0.3616753781601861,
      "matthews_corrcoef": 0.5423923585929828,
      "cohen_kappa": 0.5412262156448202,
      "specificity": 0.8235294117647058,
      "sensitivity": 0.7142857142857143,
      "positive_predictive_value": 0.7692307692307693,
      "negative_predictive_value": 0.7777777777777778,
      "false_positive_rate": 0.17647058823529413,
      "false_negative_rate": 0.2857142857142857,
      "balanced_accuracy": 0.76890756302521,
      "f2": 0.7246376811594203,
      "f0_5": 0.7575757575757576
    }
  }
}