{
  "hyperparameter_optimization": {
    "best_params": {
      "num_leaves": 356,
      "learning_rate": 0.0010144568879683212,
      "feature_fraction": 0.44637024428210303,
      "bagging_fraction": 0.8129624226739234,
      "bagging_freq": 6,
      "min_child_samples": 49,
      "min_child_weight": 0.001167007645039003,
      "reg_alpha": 14.43893963585918,
      "reg_lambda": 12.537672898131355,
      "max_depth": 3,
      "min_split_gain": 0.5983991569105098,
      "subsample": 0.8087272364965106,
      "colsample_bytree": 0.6757794026883266,
      "force_col_wise": false,
      "force_row_wise": true,
      "max_bin": 294,
      "min_data_in_leaf": 41,
      "min_sum_hessian_in_leaf": 0.019753625747691277
    },
    "best_score": 0.8221088435374149,
    "n_trials": 200
  },
  "advanced_lightgbm": {
    "model_type": "AdvancedLightGBM",
    "best_iteration": 1522,
    "num_features": 20,
    "use_gpu": true,
    "training_time": 0.4269685745239258,
    "device": "GPU",
    "has_shap": false,
    "top_features": {
      "feature": {
        "3": "thal_3.0_percentile_25 ca_0.0_plus_exang_0.0",
        "4": "thal_3.0_percentile_75 ca_0.0_plus_exang_0.0",
        "7": "ca_0.0_percentile_25 thal_3.0_plus_exang_0.0",
        "5": "thal_7.0_percentile_25 cp_4.0_plus_slope_2.0",
        "2": "thal_7.0_minus_ca_0.0"
      },
      "importance": {
        "3": 1062.1230259537697,
        "4": 562.3858538866043,
        "7": 309.95640456676483,
        "5": 280.63931012153625,
        "2": 200.9204439520836
      }
    }
  },
  "ensemble_methods": {
    "voting_soft": "<dict>",
    "voting_hard": "<dict>",
    "stacking": "<dict>",
    "weighted": "<dict>"
  },
  "evaluation": {
    "advanced_lightgbm": {
      "accuracy": 0.7741935483870968,
      "precision": 0.7692307692307693,
      "recall": 0.7142857142857143,
      "f1": 0.7407407407407408,
      "auc_roc": 0.865546218487395,
      "auc_pr": 0.8208668413602,
      "log_loss": 0.5712734414437894,
      "matthews_corrcoef": 0.5423923585929828,
      "cohen_kappa": 0.5412262156448202,
      "specificity": 0.8235294117647058,
      "sensitivity": 0.7142857142857143,
      "positive_predictive_value": 0.7692307692307693,
      "negative_predictive_value": 0.7777777777777778,
      "false_positive_rate": 0.17647058823529413,
      "false_negative_rate": 0.2857142857142857,
      "balanced_accuracy": 0.76890756302521,
      "f2": 0.7246376811594203,
      "f0_5": 0.7575757575757576
    },
    "voting_soft": {
      "accuracy": 0.8387096774193549,
      "precision": 0.8461538461538461,
      "recall": 0.7857142857142857,
      "f1": 0.8148148148148148,
      "auc_roc": 0.9117647058823529,
      "auc_pr": 0.8768177388519003,
      "log_loss": 0.34808859260904046,
      "matthews_corrcoef": 0.6737530079397209,
      "cohen_kappa": 0.6723044397463003,
      "specificity": 0.8823529411764706,
      "sensitivity": 0.7857142857142857,
      "positive_predictive_value": 0.8461538461538461,
      "negative_predictive_value": 0.8333333333333334,
      "false_positive_rate": 0.11764705882352941,
      "false_negative_rate": 0.21428571428571427,
      "balanced_accuracy": 0.8340336134453781,
      "f2": 0.7971014492753622,
      "f0_5": 0.8333333333333333
    },
    "voting_hard": {
      "accuracy": 0.8387096774193549,
      "precision": 0.8461538461538461,
      "recall": 0.7857142857142857,
      "f1": 0.8148148148148148,
      "auc_roc": 0.834033613445378,
      "auc_pr": 0.7616093583835519,
      "log_loss": 5.570821973206898,
      "matthews_corrcoef": 0.6737530079397209,
      "cohen_kappa": 0.6723044397463003,
      "specificity": 0.8823529411764706,
      "sensitivity": 0.7857142857142857,
      "positive_predictive_value": 0.8461538461538461,
      "negative_predictive_value": 0.8333333333333334,
      "false_positive_rate": 0.11764705882352941,
      "false_negative_rate": 0.21428571428571427,
      "balanced_accuracy": 0.8340336134453781,
      "f2": 0.7971014492753622,
      "f0_5": 0.8333333333333333
    },
    "stacking": {
      "accuracy": 0.8387096774193549,
      "precision": 0.8461538461538461,
      "recall": 0.7857142857142857,
      "f1": 0.8148148148148148,
      "auc_roc": 0.907563025210084,
      "auc_pr": 0.8750061446490018,
      "log_loss": 0.36183873357495716,
      "matthews_corrcoef": 0.6737530079397209,
      "cohen_kappa": 0.6723044397463003,
      "specificity": 0.8823529411764706,
      "sensitivity": 0.7857142857142857,
      "positive_predictive_value": 0.8461538461538461,
      "negative_predictive_value": 0.8333333333333334,
      "false_positive_rate": 0.11764705882352941,
      "false_negative_rate": 0.21428571428571427,
      "balanced_accuracy": 0.8340336134453781,
      "f2": 0.7971014492753622,
      "f0_5": 0.8333333333333333
    },
    "weighted": {
      "accuracy": 0.8709677419354839,
      "precision": 0.9166666666666666,
      "recall": 0.7857142857142857,
      "f1": 0.8461538461538461,
      "auc_roc": 0.9075630252100841,
      "auc_pr": 0.8437591307932923,
      "log_loss": 0.34323900127946205,
      "matthews_corrcoef": 0.7426602870298766,
      "cohen_kappa": 0.7361702127659575,
      "specificity": 0.9411764705882353,
      "sensitivity": 0.7857142857142857,
      "positive_predictive_value": 0.9166666666666666,
      "negative_predictive_value": 0.8421052631578947,
      "false_positive_rate": 0.058823529411764705,
      "false_negative_rate": 0.21428571428571427,
      "balanced_accuracy": 0.8634453781512605,
      "f2": 0.8088235294117647,
      "f0_5": 0.8870967741935485
    }
  }
}