{
  "advanced_lightgbm": {
    "model_type": "AdvancedLightGBM",
    "best_iteration": 41,
    "num_features": 50,
    "use_gpu": true,
    "training_time": 0.013507366180419922,
    "device": "GPU",
    "has_shap": false,
    "top_features": {
      "feature": {
        "41": "thal_3.0_plus_ca_0.0 exang_0.0_plus_slope_1.0",
        "3": "thal_7.0_minus_ca_0.0",
        "49": "thal_7.0_plus_exang_1.0 cp_4.0_plus_slope_2.0",
        "9": "thal_3.0_percentile_25 ca_0.0_plus_exang_0.0",
        "43": "thal_3.0_plus_exang_0.0 ca_0.0_plus_slope_1.0"
      },
      "importance": {
        "41": 70.65166854858398,
        "3": 33.35401928424835,
        "49": 28.29583990573883,
        "9": 22.569640159606934,
        "43": 17.713199615478516
      }
    }
  },
  "ensemble_methods": {
    "voting_soft": "<dict>",
    "voting_hard": "<dict>",
    "stacking": "<dict>",
    "weighted": "<dict>"
  },
  "evaluation": {
    "advanced_lightgbm": {
      "accuracy": 0.8064516129032258,
      "precision": 0.8333333333333334,
      "recall": 0.7142857142857143,
      "f1": 0.7692307692307692,
      "auc_roc": 0.8865546218487395,
      "auc_pr": 0.8142651815971144,
      "log_loss": 0.4205203094344048,
      "matthews_corrcoef": 0.6095824321285693,
      "cohen_kappa": 0.6042553191489362,
      "specificity": 0.8823529411764706,
      "sensitivity": 0.7142857142857143,
      "positive_predictive_value": 0.8333333333333334,
      "negative_predictive_value": 0.7894736842105263,
      "false_positive_rate": 0.11764705882352941,
      "false_negative_rate": 0.2857142857142857,
      "balanced_accuracy": 0.7983193277310925,
      "f2": 0.7352941176470589,
      "f0_5": 0.8064516129032258
    },
    "voting_soft": {
      "accuracy": 0.8064516129032258,
      "precision": 0.8333333333333334,
      "recall": 0.7142857142857143,
      "f1": 0.7692307692307692,
      "auc_roc": 0.9222689075630253,
      "auc_pr": 0.9225714890699364,
      "log_loss": 0.36283825691750404,
      "matthews_corrcoef": 0.6095824321285693,
      "cohen_kappa": 0.6042553191489362,
      "specificity": 0.8823529411764706,
      "sensitivity": 0.7142857142857143,
      "positive_predictive_value": 0.8333333333333334,
      "negative_predictive_value": 0.7894736842105263,
      "false_positive_rate": 0.11764705882352941,
      "false_negative_rate": 0.2857142857142857,
      "balanced_accuracy": 0.7983193277310925,
      "f2": 0.7352941176470589,
      "f0_5": 0.8064516129032258
    },
    "voting_hard": {
      "accuracy": 0.8064516129032258,
      "precision": 0.8333333333333334,
      "recall": 0.7142857142857143,
      "f1": 0.7692307692307692,
      "auc_roc": 0.7983193277310925,
      "auc_pr": 0.7242703533026114,
      "log_loss": 6.6849760504620805,
      "matthews_corrcoef": 0.6095824321285693,
      "cohen_kappa": 0.6042553191489362,
      "specificity": 0.8823529411764706,
      "sensitivity": 0.7142857142857143,
      "positive_predictive_value": 0.8333333333333334,
      "negative_predictive_value": 0.7894736842105263,
      "false_positive_rate": 0.11764705882352941,
      "false_negative_rate": 0.2857142857142857,
      "balanced_accuracy": 0.7983193277310925,
      "f2": 0.7352941176470589,
      "f0_5": 0.8064516129032258
    },
    "stacking": {
      "accuracy": 0.8387096774193549,
      "precision": 0.8461538461538461,
      "recall": 0.7857142857142857,
      "f1": 0.8148148148148148,
      "auc_roc": 0.930672268907563,
      "auc_pr": 0.9276964236591565,
      "log_loss": 0.3649097300309062,
      "matthews_corrcoef": 0.6737530079397209,
      "cohen_kappa": 0.6723044397463003,
      "specificity": 0.8823529411764706,
      "sensitivity": 0.7857142857142857,
      "positive_predictive_value": 0.8461538461538461,
      "negative_predictive_value": 0.8333333333333334,
      "false_positive_rate": 0.11764705882352941,
      "false_negative_rate": 0.21428571428571427,
      "balanced_accuracy": 0.8340336134453781,
      "f2": 0.7971014492753622,
      "f0_5": 0.8333333333333333
    },
    "weighted": {
      "accuracy": 0.7741935483870968,
      "precision": 0.7692307692307693,
      "recall": 0.7142857142857143,
      "f1": 0.7407407407407408,
      "auc_roc": 0.930672268907563,
      "auc_pr": 0.9267122758194186,
      "log_loss": 0.36164153061645743,
      "matthews_corrcoef": 0.5423923585929828,
      "cohen_kappa": 0.5412262156448202,
      "specificity": 0.8235294117647058,
      "sensitivity": 0.7142857142857143,
      "positive_predictive_value": 0.7692307692307693,
      "negative_predictive_value": 0.7777777777777778,
      "false_positive_rate": 0.17647058823529413,
      "false_negative_rate": 0.2857142857142857,
      "balanced_accuracy": 0.76890756302521,
      "f2": 0.7246376811594203,
      "f0_5": 0.7575757575757576
    }
  }
}