iter	Logloss
0	0.6740612468
1	0.6517291158
2	0.6339116933
3	0.6137404557
4	0.5977047566
5	0.5844650909
6	0.5646915667
7	0.5495615615
8	0.5363640469
9	0.5252297236
