iter	Logloss
0	0.6366692066
1	0.5831069946
2	0.5292152882
3	0.4790747166
4	0.4253667831
5	0.3944668055
6	0.3597988605
7	0.3382561922
8	0.3166490555
9	0.2984638214
